loss,mean_absolute_error,val_loss,val_mean_absolute_error
0.04149482771754265,0.12797726690769196,0.045014798641204834,0.12665019929409027
0.04000602662563324,0.12469761818647385,0.04092211648821831,0.12100838869810104
0.03932070732116699,0.12320934236049652,0.04226582869887352,0.11901316791772842
0.0380580872297287,0.12033849209547043,0.04283523187041283,0.11824630945920944
0.036987315863370895,0.11793117970228195,0.04314694553613663,0.1149635910987854
0.035702239722013474,0.1146063432097435,0.03718109056353569,0.11504314839839935
0.0350373312830925,0.11325542628765106,0.03604420647025108,0.10954949259757996
