loss,binary_accuracy,val_loss,val_binary_accuracy
0.08646974712610245,0.8872807025909424,0.10151250660419464,0.8657835721969604
0.0833667665719986,0.8913856148719788,0.15388931334018707,0.7647293210029602
0.08211231976747513,0.8929440379142761,0.1128910630941391,0.8425905108451843
0.08098919689655304,0.8943569660186768,0.08714694529771805,0.8872177600860596
0.08034678548574448,0.8951019048690796,0.08322400599718094,0.8917812705039978
0.07960726320743561,0.8959601521492004,0.08401495218276978,0.8900783658027649
0.07871323078870773,0.8970451354980469,0.08433133363723755,0.8904407620429993
