loss,binary_accuracy,val_loss,val_binary_accuracy
0.07825782895088196,0.8998215198516846,0.08188845962285995,0.8942176103591919
0.07688049226999283,0.9014615416526794,0.08859340101480484,0.8861885070800781
0.07554935663938522,0.9028881788253784,0.08515545725822449,0.8899466395378113
0.07456835359334946,0.904155433177948,0.08735159784555435,0.8909785151481628
0.07421369105577469,0.9045067429542542,0.07768087089061737,0.9008036255836487
0.07276508957147598,0.9063059091567993,0.07487628608942032,0.9044283628463745
0.07221639901399612,0.9068458080291748,0.07423560321331024,0.9045359492301941
