loss,mean_absolute_error,val_loss,val_mean_absolute_error
0.03147135302424431,0.10569734871387482,0.03132109344005585,0.1036902517080307
0.029935363680124283,0.10142853856086731,0.031095802783966064,0.10245055705308914
0.028979917988181114,0.09900543093681335,0.03124542534351349,0.10501736402511597
0.02812829241156578,0.09687918424606323,0.03077673725783825,0.09628056734800339
0.02745683677494526,0.0951528325676918,0.030732840299606323,0.09793897718191147
0.02690753899514675,0.093638576567173,0.03050248697400093,0.10102832317352295
0.026574784889817238,0.09279514849185944,0.030677663162350655,0.09661668539047241
