loss,mean_absolute_error,val_loss,val_mean_absolute_error
0.02945472113788128,0.09866953641176224,0.02978043630719185,0.09299404174089432
0.027903148904442787,0.09492062032222748,0.029686763882637024,0.09123682975769043
0.02674560621380806,0.09194743633270264,0.02923000045120716,0.0923626646399498
0.025980515405535698,0.08997099101543427,0.029188383370637894,0.09300436824560165
0.025402817875146866,0.08848908543586731,0.029652535915374756,0.09180854260921478
0.024754296988248825,0.08680523931980133,0.029230989515781403,0.09153658896684647
0.02435828559100628,0.08575759828090668,0.02931283600628376,0.09051734954118729
