loss,binary_accuracy,val_loss,val_binary_accuracy
0.06644955277442932,0.9084513187408447,0.07410126179456711,0.8994312286376953
0.06601659208536148,0.9090155363082886,0.07391896098852158,0.8992922902107239
0.06548569351434708,0.909748911857605,0.07399211823940277,0.8994357585906982
0.06506256014108658,0.9103243350982666,0.07487602531909943,0.8984710574150085
0.06441830843687057,0.9111985564231873,0.07408472895622253,0.8994923233985901
0.06410413235425949,0.9116188287734985,0.07439256459474564,0.8987894058227539
0.06360357254743576,0.9123103618621826,0.07483792304992676,0.8982292413711548
