loss,binary_accuracy,val_loss,val_binary_accuracy
0.06832674145698547,0.9074496030807495,0.067345030605793,0.9088902473449707
0.06631652265787125,0.909813404083252,0.06734434515237808,0.9089973568916321
0.06485575437545776,0.911520779132843,0.06944353878498077,0.9062214493751526
0.06373435258865356,0.9128426313400269,0.06699260324239731,0.9095764756202698
0.06289782375097275,0.9138407707214355,0.06683391332626343,0.9094129800796509
0.062087755650281906,0.9148401021957397,0.06705690175294876,0.9092350006103516
0.06138603016734123,0.9156942963600159,0.06868216395378113,0.907741904258728
