loss,mean_absolute_error,val_loss,val_mean_absolute_error
0.010241355746984482,0.07907985150814056,0.009441801346838474,0.07543162256479263
0.009368962608277798,0.07554520666599274,0.010886811651289463,0.0801786407828331
0.009110836312174797,0.07444402575492859,0.008939580991864204,0.07429172098636627
0.008986704982817173,0.07385454326868057,0.01254104170948267,0.08510234206914902
0.00881718099117279,0.07313865423202515,0.00933972280472517,0.07280413806438446
