loss,mean_absolute_error,val_loss,val_mean_absolute_error
0.010780484415590763,0.08080320060253143,0.01686905324459076,0.10110486298799515
0.008856447413563728,0.073257215321064,0.010171915404498577,0.07728570699691772
0.008585714735090733,0.07189614325761795,0.010399691760540009,0.0748167634010315
0.00821390375494957,0.07020522654056549,0.013493486680090427,0.08826040476560593
0.008270630612969398,0.07056018710136414,0.009812096133828163,0.07588899880647659
