loss,mean_absolute_error,val_loss,val_mean_absolute_error
0.010183144360780716,0.07936999201774597,0.011018689721822739,0.08380096405744553
0.00983001571148634,0.07782038301229477,0.009591140784323215,0.07590068131685257
0.009458678774535656,0.07596518099308014,0.009706966578960419,0.07652629166841507
0.00953475572168827,0.07635311782360077,0.012128583155572414,0.08488138765096664
0.009134468622505665,0.07473461329936981,0.010154761373996735,0.07648089528083801
