loss,mean_absolute_error,val_loss,val_mean_absolute_error
0.004741608165204525,0.05064595863223076,0.005675722379237413,0.05574551224708557
0.004331905860453844,0.048403650522232056,0.0045432234182953835,0.04991095885634422
0.003983058966696262,0.04642471298575401,0.004693235270678997,0.04920315742492676
0.003728179493919015,0.04502760246396065,0.004416417796164751,0.050040751695632935
0.0034717749804258347,0.04347311332821846,0.0037335327360779047,0.04435594007372856
0.003287964267656207,0.042325615882873535,0.003954264800995588,0.044920437037944794
0.0030580556485801935,0.04074544459581375,0.0035239362623542547,0.04428507387638092
