loss,mean_absolute_error,val_loss,val_mean_absolute_error
0.006003423128277063,0.0572906956076622,0.005939016584306955,0.05711733549833298
0.005561801604926586,0.055215008556842804,0.006235512904822826,0.06105255335569382
0.005104551091790199,0.052718762308359146,0.0055816262029111385,0.05489116162061691
0.004621404688805342,0.05013352259993553,0.004982787184417248,0.052261777222156525
0.004248532000929117,0.04807962104678154,0.005421006586402655,0.051895901560783386
0.003957928158342838,0.04646918177604675,0.004567619413137436,0.048773083835840225
0.0036998302675783634,0.04496622458100319,0.004229660611599684,0.046447258442640305
