loss,mean_absolute_error,val_loss,val_mean_absolute_error
0.006387416273355484,0.05895490571856499,0.006284611765295267,0.05730685219168663
0.005709996912628412,0.05561230331659317,0.005979349836707115,0.05771513655781746
0.005178350955247879,0.05298089236021042,0.00555783323943615,0.05413390323519707
0.004677631892263889,0.05035463348031044,0.0052935536950826645,0.05382101982831955
0.0042395805940032005,0.04804544895887375,0.005210805218666792,0.05191351845860481
0.0038836246822029352,0.045958101749420166,0.004805577453225851,0.05003124102950096
0.003619047114625573,0.04434956982731819,0.004568527918308973,0.048076312988996506
