loss,binary_accuracy,val_loss,val_binary_accuracy
0.07744576036930084,0.8950861692428589,0.08664169907569885,0.881726086139679
0.07620304077863693,0.8967382311820984,0.08168704062700272,0.8897308111190796
0.07497118413448334,0.8983709812164307,0.082852803170681,0.8886372447013855
0.07411137223243713,0.8995620608329773,0.08252696692943573,0.8881819844245911
0.0730433315038681,0.900993824005127,0.08185429126024246,0.8889869451522827
0.0721157044172287,0.9022783637046814,0.08243715018033981,0.8885937333106995
0.07150974869728088,0.9031561017036438,0.08291196823120117,0.8889477252960205
