loss,mean_absolute_error,val_loss,val_mean_absolute_error
0.03548949584364891,0.11454267054796219,0.036091435700654984,0.1197584867477417
0.033476412296295166,0.10982394218444824,0.03546751290559769,0.11121311783790588
0.03210639953613281,0.10650568455457687,0.03527292236685753,0.10569147765636444
0.03096522018313408,0.10369596630334854,0.03609905019402504,0.10568460077047348
0.03007778339087963,0.10148635506629944,0.03577382490038872,0.11495201289653778
0.02930723875761032,0.09957962483167648,0.03534068912267685,0.1074308380484581
0.028730053454637527,0.09807883948087692,0.03601444512605667,0.1142815500497818
