loss,binary_accuracy,val_loss,val_binary_accuracy
0.06973740458488464,0.9084485173225403,0.07726117223501205,0.8979640603065491
0.0672159418463707,0.9113031029701233,0.06460702419281006,0.9143818616867065
0.06533624231815338,0.9134989976882935,0.06330481916666031,0.9158975481987
0.06380445510149002,0.9153127670288086,0.061613570898771286,0.9178453087806702
0.06266862154006958,0.9166896343231201,0.06076114624738693,0.9189856052398682
0.06160541623830795,0.9180153608322144,0.059994157403707504,0.9200778007507324
0.06071622669696808,0.9191727638244629,0.05900656059384346,0.92135089635849
