loss,binary_accuracy,val_loss,val_binary_accuracy
0.07580241560935974,0.8989922404289246,0.733585774898529,0.2234039455652237
0.07368991523981094,0.9015207290649414,0.3213009834289551,0.4721926748752594
0.07193822413682938,0.9036470651626587,0.5702163577079773,0.27469602227211
0.07057784497737885,0.9053588509559631,0.08176946640014648,0.8958297371864319
0.06937327980995178,0.906872034072876,0.098098024725914,0.8821669816970825
0.06818519532680511,0.9083688855171204,0.3062826693058014,0.5240363478660583
0.06725659221410751,0.9096332788467407,0.6360282301902771,0.25836652517318726
