loss,mean_absolute_error,val_loss,val_mean_absolute_error
0.034003522247076035,0.11051725596189499,0.03341479226946831,0.10226290673017502
0.03207831829786301,0.10596323758363724,0.03229192644357681,0.10083078593015671
0.03069452941417694,0.1025434210896492,0.03211629390716553,0.10846596956253052
