loss,mean_absolute_error,val_loss,val_mean_absolute_error
0.03745938464999199,0.1203099936246872,0.040692053735256195,0.13677653670310974
0.03551003709435463,0.11582954227924347,0.03751344233751297,0.11888859421014786
0.03417688235640526,0.11261704564094543,0.03660270944237709,0.11344078183174133
0.03300464525818825,0.10982685536146164,0.038343485444784164,0.12334731966257095
0.032054267823696136,0.10754687339067459,0.03696674853563309,0.11649879813194275
0.03136175870895386,0.10581789165735245,0.037097781896591187,0.11143354326486588
0.030693616718053818,0.10420255362987518,0.036981724202632904,0.11488263309001923
