loss,binary_accuracy,val_loss,val_binary_accuracy
0.05535311624407768,0.9266036748886108,0.05882381647825241,0.9226643443107605
0.05492767319083214,0.9271750450134277,0.05840690806508064,0.9231530427932739
0.05457555502653122,0.927653431892395,0.0584135428071022,0.923198938369751
