loss,mean_absolute_error,val_loss,val_mean_absolute_error
0.0036338167265057564,0.04347023367881775,0.003508354304358363,0.04131626710295677
0.00342185003682971,0.0421375073492527,0.004687682259827852,0.046335551887750626
0.0033025385346263647,0.04152258113026619,0.003243326209485531,0.04041881114244461
0.003111115423962474,0.040299154818058014,0.0031360522843897343,0.03904786333441734
0.00300010503269732,0.03975198417901993,0.0029431115835905075,0.03879722207784653
0.0029154943767935038,0.0392400287091732,0.0029528732411563396,0.0379626490175724
0.0027924422174692154,0.038376957178115845,0.0029178946278989315,0.03746962919831276
