loss,mean_absolute_error,val_loss,val_mean_absolute_error
0.004000772722065449,0.045630309730768204,0.0038077612407505512,0.04261509329080582
0.0036962826270610094,0.04393894597887993,0.003518243320286274,0.04144693538546562
0.003474455326795578,0.04277797415852547,0.0035779071040451527,0.0432547852396965
0.0033434832002967596,0.042200952768325806,0.0034648780710995197,0.041082147508859634
0.003202727995812893,0.041389480233192444,0.00324590178206563,0.039622146636247635
0.0030148308724164963,0.03994987532496452,0.00322048575617373,0.040399108082056046
0.0029278029687702656,0.03967255353927612,0.003067790064960718,0.038488324731588364
