loss,mean_absolute_error,val_loss,val_mean_absolute_error
0.004168011713773012,0.04661061242222786,0.0039492263458669186,0.043841034173965454
0.0038268009666353464,0.044803984463214874,0.0038562777917832136,0.043411340564489365
0.00354431732557714,0.04328978806734085,0.003468455048277974,0.04177088662981987
0.003349123988300562,0.042279504239559174,0.003466104157269001,0.04113272577524185
0.003216423327103257,0.041423458606004715,0.004436825402081013,0.049025725573301315
0.003135724924504757,0.040982816368341446,0.003295245813205838,0.040466953068971634
0.0029594022780656815,0.039834413677453995,0.0032003535889089108,0.03951668739318848
